{
  "hash": "16621951",
  "configHash": "f6e64169",
  "lockfileHash": "2103e8b7",
  "browserHash": "0c1fcbe8",
  "optimized": {
    "@angular/common": {
      "src": "../../../../../node_modules/@angular/common/fesm2022/common.mjs",
      "file": "@angular_common.js",
      "fileHash": "8033dad7",
      "needsInterop": false
    },
    "@angular/common/http": {
      "src": "../../../../../node_modules/@angular/common/fesm2022/http.mjs",
      "file": "@angular_common_http.js",
      "fileHash": "733e816d",
      "needsInterop": false
    },
    "@angular/core": {
      "src": "../../../../../node_modules/@angular/core/fesm2022/core.mjs",
      "file": "@angular_core.js",
      "fileHash": "cb54ec53",
      "needsInterop": false
    },
    "@angular/forms": {
      "src": "../../../../../node_modules/@angular/forms/fesm2022/forms.mjs",
      "file": "@angular_forms.js",
      "fileHash": "0097ea89",
      "needsInterop": false
    },
    "@angular/platform-browser": {
      "src": "../../../../../node_modules/@angular/platform-browser/fesm2022/platform-browser.mjs",
      "file": "@angular_platform-browser.js",
      "fileHash": "9568f926",
      "needsInterop": false
    },
    "@angular/router": {
      "src": "../../../../../node_modules/@angular/router/fesm2022/router.mjs",
      "file": "@angular_router.js",
      "fileHash": "b363b0ce",
      "needsInterop": false
    }
  },
  "chunks": {
    "chunk-JBZD7XDN": {
      "file": "chunk-JBZD7XDN.js"
    },
    "chunk-MME2BROZ": {
      "file": "chunk-MME2BROZ.js"
    },
    "chunk-EW4RPYOW": {
      "file": "chunk-EW4RPYOW.js"
    },
    "chunk-OUN6FX7A": {
      "file": "chunk-OUN6FX7A.js"
    }
  }
}